{"errors":[],"warnings":[],"namedChunkGroups":{"app":{"chunks":[13,4],"assets":["webpack-runtime-3ab62e62b3a9aa1163f1.js","webpack-runtime-3ab62e62b3a9aa1163f1.js.map","app-327cc589a72f83a39125.js","app-327cc589a72f83a39125.js.map"],"children":{},"childAssets":{}},"component---node-modules-gatsby-plugin-offline-app-shell-js":{"chunks":[5],"assets":["component---node-modules-gatsby-plugin-offline-app-shell-js-fd173b20b2fe4bb1e5c4.js","component---node-modules-gatsby-plugin-offline-app-shell-js-fd173b20b2fe4bb1e5c4.js.map"],"children":{},"childAssets":{}},"component---src-templates-blog-post-js":{"chunks":[0,1,2,3,6],"assets":["0-3925e3592a9d26f2879b.js","0-3925e3592a9d26f2879b.js.map","1-7f6e28b92cca3e687798.js","1-7f6e28b92cca3e687798.js.map","2-8c1d67dc7aa2434c9f19.js","2-8c1d67dc7aa2434c9f19.js.map","3.81598a9da2262f3091ca.css","3-9067776ae3ee8040f82f.js","3-9067776ae3ee8040f82f.js.map","component---src-templates-blog-post-js.68369a713ce070a682fc.css","component---src-templates-blog-post-js-8f2d37fe3b99ef9fa70b.js","component---src-templates-blog-post-js-8f2d37fe3b99ef9fa70b.js.map"],"children":{},"childAssets":{}},"component---src-pages-404-js":{"chunks":[0,7],"assets":["0-3925e3592a9d26f2879b.js","0-3925e3592a9d26f2879b.js.map","component---src-pages-404-js.68369a713ce070a682fc.css","component---src-pages-404-js-e0b074c9cb1aaa54da0d.js","component---src-pages-404-js-e0b074c9cb1aaa54da0d.js.map"],"children":{},"childAssets":{}},"component---src-pages-blog-js":{"chunks":[0,1,2,3,8],"assets":["0-3925e3592a9d26f2879b.js","0-3925e3592a9d26f2879b.js.map","1-7f6e28b92cca3e687798.js","1-7f6e28b92cca3e687798.js.map","2-8c1d67dc7aa2434c9f19.js","2-8c1d67dc7aa2434c9f19.js.map","3.81598a9da2262f3091ca.css","3-9067776ae3ee8040f82f.js","3-9067776ae3ee8040f82f.js.map","component---src-pages-blog-js.68369a713ce070a682fc.css","component---src-pages-blog-js-7212e299a3e1424c6b52.js","component---src-pages-blog-js-7212e299a3e1424c6b52.js.map"],"children":{},"childAssets":{}},"component---src-pages-index-js":{"chunks":[0,1,9],"assets":["0-3925e3592a9d26f2879b.js","0-3925e3592a9d26f2879b.js.map","1-7f6e28b92cca3e687798.js","1-7f6e28b92cca3e687798.js.map","component---src-pages-index-js.68369a713ce070a682fc.css","component---src-pages-index-js-3b64a2365a507b0bf717.js","component---src-pages-index-js-3b64a2365a507b0bf717.js.map"],"children":{},"childAssets":{}},"component---src-pages-mnistpred-js":{"chunks":[0,1,2,12,10],"assets":["0-3925e3592a9d26f2879b.js","0-3925e3592a9d26f2879b.js.map","1-7f6e28b92cca3e687798.js","1-7f6e28b92cca3e687798.js.map","2-8c1d67dc7aa2434c9f19.js","2-8c1d67dc7aa2434c9f19.js.map","12-13d8fda0ad2ebec3bbd9.js","12-13d8fda0ad2ebec3bbd9.js.map","component---src-pages-mnistpred-js.88ef62dadcf2e4f582b6.css","component---src-pages-mnistpred-js-487874b5718db3b97b32.js","component---src-pages-mnistpred-js-487874b5718db3b97b32.js.map"],"children":{},"childAssets":{}}},"assetsByChunkName":{"app":["webpack-runtime-3ab62e62b3a9aa1163f1.js","app-327cc589a72f83a39125.js"],"component---node-modules-gatsby-plugin-offline-app-shell-js":["component---node-modules-gatsby-plugin-offline-app-shell-js-fd173b20b2fe4bb1e5c4.js"],"component---src-templates-blog-post-js":["0-3925e3592a9d26f2879b.js","1-7f6e28b92cca3e687798.js","2-8c1d67dc7aa2434c9f19.js","3.81598a9da2262f3091ca.css","3-9067776ae3ee8040f82f.js","component---src-templates-blog-post-js.68369a713ce070a682fc.css","component---src-templates-blog-post-js-8f2d37fe3b99ef9fa70b.js"],"component---src-pages-404-js":["0-3925e3592a9d26f2879b.js","component---src-pages-404-js.68369a713ce070a682fc.css","component---src-pages-404-js-e0b074c9cb1aaa54da0d.js"],"component---src-pages-blog-js":["0-3925e3592a9d26f2879b.js","1-7f6e28b92cca3e687798.js","2-8c1d67dc7aa2434c9f19.js","3.81598a9da2262f3091ca.css","3-9067776ae3ee8040f82f.js","component---src-pages-blog-js.68369a713ce070a682fc.css","component---src-pages-blog-js-7212e299a3e1424c6b52.js"],"component---src-pages-index-js":["0-3925e3592a9d26f2879b.js","1-7f6e28b92cca3e687798.js","component---src-pages-index-js.68369a713ce070a682fc.css","component---src-pages-index-js-3b64a2365a507b0bf717.js"],"component---src-pages-mnistpred-js":["0-3925e3592a9d26f2879b.js","1-7f6e28b92cca3e687798.js","2-8c1d67dc7aa2434c9f19.js","12-13d8fda0ad2ebec3bbd9.js","component---src-pages-mnistpred-js.88ef62dadcf2e4f582b6.css","component---src-pages-mnistpred-js-487874b5718db3b97b32.js"]}}